Column5;Column7;Column8;Column9;Column10;Column13
Artist;Track name;Track length;Album name;Year;Genre by iTunes
Aqua;Happy Boys and Girls;3:36;Aquarium;1997;Pop
Aqua;My Oh My;3:24;Aquarium;1997;Pop
Aqua;Barbie Girl (Radio);3:17;Aquarium;1997;Pop
Aqua;Good Morning Sunshine;4:04;Aquarium;1997;Pop
Aqua;Doctor Jones;3:23;Aquarium;1997;Pop
Aqua;Heat of the Night;3:35;Aquarium;1997;Pop
Aqua;Be a Man;4:23;Aquarium;1997;Pop
Aqua;Lollipop (Candyman);3:36;Aquarium;1997;Pop
Aqua;Roses are Red;3:45;Aquarium;1997;Pop
Aqua;Turn Back Time;4:09;Aquarium;1997;Pop
Aqua;Calling You;3:32;Aquarium;1997;Pop
Aqua;Cartoon Heroes (Radio);3:36;Aquarius;2000;Pop
Aqua;Around the World;3:28;Aquarius;2000;Pop
Aqua;Freaky Friday;3:45;Aquarius;2000;Pop
Aqua;We Belong to the Sea;4:17;Aquarius;2000;Pop
Aqua;An Apple a Day;3:37;Aquarius;2000;Pop
Aqua;Halloween;3:49;Aquarius;2000;Pop
Aqua;Good Guys;3:58;Aquarius;2000;Pop
Aqua;Back from Mars;4:03;Aquarius;2000;Pop
Aqua;Aquarius;4:21;Aquarius;2000;Pop
Aqua;Cuba Libre;3:36;Aquarius;2000;Pop
Aqua;Bumble Bees;3:52;Aquarius;2000;Pop
Aqua;Goodbye to the Circus;3:59;Aquarius;2000;Pop
Eminem;Public Service Announcement;0:33;The Slim Shady LP;1999;Hip-Hop/Rap
Eminem;My Name Is;4:28;The Slim Shady LP;1999;Hip-Hop/Rap
Eminem;Guilty Conscience (feat. Dr. Dre);3:19;The Slim Shady LP;1999;Hip-Hop/Rap
Eminem;Brain Damage;3:46;The Slim Shady LP;1999;Hip-Hop/Rap
Eminem;Paul (Skit);0:15;The Slim Shady LP;1999;Hip-Hop/Rap
Eminem;If I Had;4:05;The Slim Shady LP;1999;Hip-Hop/Rap
Eminem;97 Bonnie & Clyde;5:16;The Slim Shady LP;1999;Hip-Hop/Rap
Eminem;Bitch (Skit);0:19;The Slim Shady LP;1999;Hip-Hop/Rap
Eminem;Role Model;3:25;The Slim Shady LP;1999;Hip-Hop/Rap
Eminem;Lounge (Skit);0:46;The Slim Shady LP;1999;Hip-Hop/Rap
Eminem;My Fault;4:01;The Slim Shady LP;1999;Hip-Hop/Rap
Eminem;Ken Kaniff (Skit);1:16;The Slim Shady LP;1999;Hip-Hop/Rap
Eminem;Cum On Everybody;3:39;The Slim Shady LP;1999;Hip-Hop/Rap
Eminem;Rock Bottom;3:34;The Slim Shady LP;1999;Hip-Hop/Rap
Eminem;Just Don't Give a F**k;4:02;The Slim Shady LP;1999;Hip-Hop/Rap
Eminem;Soap (Skit);0:34;The Slim Shady LP;1999;Hip-Hop/Rap
Eminem;As the World Turns;4:25;The Slim Shady LP;1999;Hip-Hop/Rap
Eminem;I'm Shady;3:31;The Slim Shady LP;1999;Hip-Hop/Rap
Eminem;"Bad Meets Evil (feat. Royce da 5'9"")";4:13;The Slim Shady LP;1999;Hip-Hop/Rap
Eminem;Still Don't Give a F**k;4:12;The Slim Shady LP;1999;Hip-Hop/Rap
Eminem;Public Service Announcement 2000;0:25;The Marshall Mathers LP;2000;Hip-Hop/Rap
Eminem;Kill You;4:24;The Marshall Mathers LP;2000;Hip-Hop/Rap
Eminem;Stan;6:44;The Marshall Mathers LP;2000;Hip-Hop/Rap
Eminem;Paul (Skit);0:10;The Marshall Mathers LP;2000;Hip-Hop/Rap
Eminem;Who Knew;3:47;The Marshall Mathers LP;2000;Hip-Hop/Rap
Eminem;Steve Berman (Skit);0:53;The Marshall Mathers LP;2000;Hip-Hop/Rap
Eminem;The Way I Am;4:50;The Marshall Mathers LP;2000;Hip-Hop/Rap
Eminem;The Real Slim Shady;4:44;The Marshall Mathers LP;2000;Hip-Hop/Rap
Eminem;Remember Me?;3:38;The Marshall Mathers LP;2000;Hip-Hop/Rap
Eminem;I'm Back;5:09;The Marshall Mathers LP;2000;Hip-Hop/Rap
Eminem;Marshall Mathers;5:20;The Marshall Mathers LP;2000;Hip-Hop/Rap
Eminem;Ken Kaniff (Skit);1:01;The Marshall Mathers LP;2000;Hip-Hop/Rap
Eminem;Drug Ballad;5:00;The Marshall Mathers LP;2000;Hip-Hop/Rap
Eminem;Amityville;4:14;The Marshall Mathers LP;2000;Hip-Hop/Rap
Eminem;Bitch Please 2;4:48;The Marshall Mathers LP;2000;Hip-Hop/Rap
Eminem;Kim;6:17;The Marshall Mathers LP;2000;Hip-Hop/Rap
Eminem;Under the Influence;5:21;The Marshall Mathers LP;2000;Hip-Hop/Rap
Eminem;Criminal;5:19;The Marshall Mathers LP;2000;Hip-Hop/Rap
Eminem;Curtains Up (Skit);0:29;The Eminem Show;2002;Hip-Hop/Rap
Eminem;White America;5:24;The Eminem Show;2002;Hip-Hop/Rap
Eminem;Business;4:11;The Eminem Show;2002;Hip-Hop/Rap
Eminem;Cleanin' Out My Closet;4:57;The Eminem Show;2002;Hip-Hop/Rap
Eminem;Square Dance;5:24;The Eminem Show;2002;Hip-Hop/Rap
Eminem;The Kiss (Skit);1:15;The Eminem Show;2002;Hip-Hop/Rap
Eminem;Soldier;3:46;The Eminem Show;2002;Hip-Hop/Rap
Eminem;Say Goodbye Hollywood;4:32;The Eminem Show;2002;Hip-Hop/Rap
Eminem;Drips;4:45;The Eminem Show;2002;Hip-Hop/Rap
Eminem;Without Me;4:50;The Eminem Show;2002;Hip-Hop/Rap
Eminem;Paul Rosenberg (Skit);0:22;The Eminem Show;2002;Hip-Hop/Rap
Eminem;Sing for the Moment;5:39;The Eminem Show;2002;Hip-Hop/Rap
Eminem;Superman;5:50;The Eminem Show;2002;Hip-Hop/Rap
Eminem;Hailie's Song;5:20;The Eminem Show;2002;Hip-Hop/Rap
Eminem;Steve Berman (Skit);0:33;The Eminem Show;2002;Hip-Hop/Rap
Eminem;When the Music Stops;4:28;The Eminem Show;2002;Hip-Hop/Rap
Eminem;Say What U Say;5:09;The Eminem Show;2002;Hip-Hop/Rap
Eminem;Till I Collapse;4:57;The Eminem Show;2002;Hip-Hop/Rap
Eminem;My Dad's Gone Crazy;4:26;The Eminem Show;2002;Hip-Hop/Rap
Eminem;Curtains Close (Skit);1:00;The Eminem Show;2002;Hip-Hop/Rap
Eminem;Curtains Up;0:46;Encore;2004;Hip-Hop/Rap
Eminem;Evil Deeds;4:19;Encore;2004;Hip-Hop/Rap
Eminem;Never Enough (feat. 50 Cent & Nate Dogg);2:39;Encore;2004;Hip-Hop/Rap
Eminem;Yellow Brick Road;5:46;Encore;2004;Hip-Hop/Rap
Eminem;Like Toy Soldiers;4:56;Encore;2004;Hip-Hop/Rap
Eminem;Mosh;5:17;Encore;2004;Hip-Hop/Rap
Eminem;Puke;4:07;Encore;2004;Hip-Hop/Rap
Eminem;My 1st Single;5:02;Encore;2004;Hip-Hop/Rap
Eminem;Paul (Skit);0:32;Encore;2004;Hip-Hop/Rap
Eminem;Rain Man;5:13;Encore;2004;Hip-Hop/Rap
Eminem;Big Weenie;4:26;Encore;2004;Hip-Hop/Rap
Eminem;Em Calls Paul (Skit);1:11;Encore;2004;Hip-Hop/Rap
Eminem;Just Lose It;4:08;Encore;2004;Hip-Hop/Rap
Eminem;Ass Like That;4:25;Encore;2004;Hip-Hop/Rap
Eminem;Spend Some Time (feat. Obie Trice, Stat Quo & 50 Cent);5:10;Encore;2004;Hip-Hop/Rap
Eminem;Mockingbird;4:10;Encore;2004;Hip-Hop/Rap
Eminem;Crazy In Love;4:02;Encore;2004;Hip-Hop/Rap
Eminem;One Shot 2 Shot (feat. D12);4:26;Encore;2004;Hip-Hop/Rap
Eminem;Final Thought (Skit);0:30;Encore;2004;Hip-Hop/Rap
Eminem;Encore / Curtains Down (feat. Dr. Dre & 50 Cent);5:48;Encore;2004;Hip-Hop/Rap
Eminem;Curtains Up;0:46;Encore (Deluxe Version);2004;Hip-Hop/Rap
Eminem;Evil Deeds;4:13;Encore (Deluxe Version);2004;Hip-Hop/Rap
Eminem;Never Enough (feat. 50 Cent & Nate Dogg);2:39;Encore (Deluxe Version);2004;Hip-Hop/Rap
Eminem;Yellow Brick Road;5:46;Encore (Deluxe Version);2004;Hip-Hop/Rap
Eminem;Like Toy Soldiers;4:50;Encore (Deluxe Version);2004;Hip-Hop/Rap
Eminem;Mosh;5:17;Encore (Deluxe Version);2004;Hip-Hop/Rap
Eminem;Puke;4:07;Encore (Deluxe Version);2004;Hip-Hop/Rap
Eminem;My 1st Single;5:02;Encore (Deluxe Version);2004;Hip-Hop/Rap
Eminem;Paul (Skit);0:32;Encore (Deluxe Version);2004;Hip-Hop/Rap
Eminem;Rain Man;5:13;Encore (Deluxe Version);2004;Hip-Hop/Rap
Eminem;Big Weenie;4:26;Encore (Deluxe Version);2004;Hip-Hop/Rap
Eminem;Em Calls Paul (Skit);1:07;Encore (Deluxe Version);2004;Hip-Hop/Rap
Eminem;Just Lose It;4:08;Encore (Deluxe Version);2004;Hip-Hop/Rap
Eminem;Ass Like That;4:25;Encore (Deluxe Version);2004;Hip-Hop/Rap
Eminem;Spend Some Time (feat. Obie Trice, Stat Quo & 50 Cent);5:10;Encore (Deluxe Version);2004;Hip-Hop/Rap
Eminem;Mockingbird;4:10;Encore (Deluxe Version);2004;Hip-Hop/Rap
Eminem;Crazy in Love;4:03;Encore (Deluxe Version);2004;Hip-Hop/Rap
Eminem;One Shot 2 Shot (feat. D12);4:15;Encore (Deluxe Version);2004;Hip-Hop/Rap
Eminem;Final Thought (Skit);0:30;Encore (Deluxe Version);2004;Hip-Hop/Rap
Eminem;Encore (feat. Dr. Dre & 50 Cent);5:12;Encore (Deluxe Version);2004;Hip-Hop/Rap
Eminem;We As Americans;4:36;Encore (Deluxe Version);2004;Hip-Hop/Rap
Eminem;Love You More;4:43;Encore (Deluxe Version);2004;Hip-Hop/Rap
Eminem;Ricky Ticky Toc;2:49;Encore (Deluxe Version);2004;Hip-Hop/Rap
Eminem;Shady Narcotics;0:56;Eminem Presents the Re-Up (Bonus Track Version);2006;Hip-Hop/Rap
Eminem;We're Back;3:59;Eminem Presents the Re-Up (Bonus Track Version);2006;Hip-Hop/Rap
Eminem;Pistol Pistol (Remix);2:25;Eminem Presents the Re-Up (Bonus Track Version);2006;Hip-Hop/Rap
Eminem;Murder;2:10;Eminem Presents the Re-Up (Bonus Track Version);2006;Hip-Hop/Rap
Eminem;Everything Is Shady;4:29;Eminem Presents the Re-Up (Bonus Track Version);2006;Hip-Hop/Rap
Eminem;The Re-Up;2:57;Eminem Presents the Re-Up (Bonus Track Version);2006;Hip-Hop/Rap
Eminem;You Don't Know;4:17;Eminem Presents the Re-Up (Bonus Track Version);2006;Hip-Hop/Rap
Eminem;Jimmy Crack Corn;3:54;Eminem Presents the Re-Up (Bonus Track Version);2006;Hip-Hop/Rap
Eminem;Trapped;0:58;Eminem Presents the Re-Up (Bonus Track Version);2006;Hip-Hop/Rap
Eminem;Whatever You Want;2:48;Eminem Presents the Re-Up (Bonus Track Version);2006;Hip-Hop/Rap
Eminem;Talkin' All That;4:05;Eminem Presents the Re-Up (Bonus Track Version);2006;Hip-Hop/Rap
Eminem;By My Side;4:06;Eminem Presents the Re-Up (Bonus Track Version);2006;Hip-Hop/Rap
Eminem;We Ride for Shady;3:08;Eminem Presents the Re-Up (Bonus Track Version);2006;Hip-Hop/Rap
Eminem;There He Is;4:25;Eminem Presents the Re-Up (Bonus Track Version);2006;Hip-Hop/Rap
Eminem;Tryin' Ta Win;3:52;Eminem Presents the Re-Up (Bonus Track Version);2006;Hip-Hop/Rap
Eminem;Smack That (Remix);5:11;Eminem Presents the Re-Up (Bonus Track Version);2006;Hip-Hop/Rap
Eminem;Public Enemy #1;1:54;Eminem Presents the Re-Up (Bonus Track Version);2006;Hip-Hop/Rap
Eminem;Get Low;3:19;Eminem Presents the Re-Up (Bonus Track Version);2006;Hip-Hop/Rap
Eminem;Ski Mask Way (Eminem Remix);3:04;Eminem Presents the Re-Up (Bonus Track Version);2006;Hip-Hop/Rap
Eminem;Shake That (Remix);2:59;Eminem Presents the Re-Up (Bonus Track Version);2006;Hip-Hop/Rap
Eminem;Cry Now (Shady Remix);5:09;Eminem Presents the Re-Up (Bonus Track Version);2006;Hip-Hop/Rap
Eminem;No Apologies;4:16;Eminem Presents the Re-Up (Bonus Track Version);2006;Hip-Hop/Rap
Eminem;Billion Bucks (Bonus Track);3:41;Eminem Presents the Re-Up (Bonus Track Version);2006;Hip-Hop/Rap
Eminem;Dr. West (Skit);1:29;Relapse: Refill;2009;Hip-Hop/Rap
Eminem;3 A.M.;5:19;Relapse: Refill;2009;Hip-Hop/Rap
Eminem;My Mom;5:19;Relapse: Refill;2009;Hip-Hop/Rap
Eminem;Insane;3:01;Relapse: Refill;2009;Hip-Hop/Rap
Eminem;Bagpipes from Baghdad;4:43;Relapse: Refill;2009;Hip-Hop/Rap
Eminem;Hello;4:08;Relapse: Refill;2009;Hip-Hop/Rap
Eminem;Tonya (Skit);0:42;Relapse: Refill;2009;Hip-Hop/Rap
Eminem;Same Song & Dance;4:06;Relapse: Refill;2009;Hip-Hop/Rap
Eminem;We Made You;4:29;Relapse: Refill;2009;Hip-Hop/Rap
Eminem;Medicine Ball;3:57;Relapse: Refill;2009;Hip-Hop/Rap
Eminem;Paul (Skit);0:19;Relapse: Refill;2009;Hip-Hop/Rap
Eminem;Stay Wide Awake;5:19;Relapse: Refill;2009;Hip-Hop/Rap
Eminem;Old Time's Sake (feat. Dr. Dre);4:38;Relapse: Refill;2009;Hip-Hop/Rap
Eminem;Must Be the Ganja;4:02;Relapse: Refill;2009;Hip-Hop/Rap
Eminem;Mr. Mathers (Skit);0:42;Relapse: Refill;2009;Hip-Hop/Rap
Eminem;Déjà Vu;4:43;Relapse: Refill;2009;Hip-Hop/Rap
Eminem;Beautiful;6:32;Relapse: Refill;2009;Hip-Hop/Rap
Eminem;Crack a Bottle (feat. Dr. Dre & 50 Cent);4:57;Relapse: Refill;2009;Hip-Hop/Rap
Eminem;Steve Berman (Skit);1:29;Relapse: Refill;2009;Hip-Hop/Rap
Eminem;Underground;6:11;Relapse: Refill;2009;Hip-Hop/Rap
Eminem;Forever (with Drake, Kanye West & Lil Wayne);5:57;Relapse: Refill;2009;Hip-Hop/Rap
Eminem;Hell Breaks Loose (feat. Dr. Dre);4:04;Relapse: Refill;2009;Hip-Hop/Rap
Eminem;Buffalo Bill;3:56;Relapse: Refill;2009;Hip-Hop/Rap
Eminem;Elevator;4:52;Relapse: Refill;2009;Hip-Hop/Rap
Eminem;Taking My Ball;5:02;Relapse: Refill;2009;Hip-Hop/Rap
Eminem;Music Box;5:04;Relapse: Refill;2009;Hip-Hop/Rap
Eminem;Drop the Bomb On 'Em;4:47;Relapse: Refill;2009;Hip-Hop/Rap
Eminem;My Darling;5:19;Relapse: Refill;2009;Hip-Hop/Rap
Eminem;Careful What You Wish For;3:47;Relapse: Refill;2009;Hip-Hop/Rap
Eminem;Dr. West (Skit);1:29;Relapse (Deluxe Version);2009;Hip-Hop/Rap
Eminem;3 A.M.;5:19;Relapse (Deluxe Version);2009;Hip-Hop/Rap
Eminem;My Mom;5:19;Relapse (Deluxe Version);2009;Hip-Hop/Rap
Eminem;Insane;3:01;Relapse (Deluxe Version);2009;Hip-Hop/Rap
Eminem;Bagpipes from Baghdad;4:43;Relapse (Deluxe Version);2009;Hip-Hop/Rap
Eminem;Hello;4:08;Relapse (Deluxe Version);2009;Hip-Hop/Rap
Eminem;Tonya (Skit);0:42;Relapse (Deluxe Version);2009;Hip-Hop/Rap
Eminem;Same Song & Dance;4:06;Relapse (Deluxe Version);2009;Hip-Hop/Rap
Eminem;We Made You;4:29;Relapse (Deluxe Version);2009;Hip-Hop/Rap
Eminem;Medicine Ball;3:57;Relapse (Deluxe Version);2009;Hip-Hop/Rap
Eminem;Paul (Skit);0:19;Relapse (Deluxe Version);2009;Hip-Hop/Rap
Eminem;Stay Wide Awake;5:19;Relapse (Deluxe Version);2009;Hip-Hop/Rap
Eminem;Old Time's Sake (feat. Dr. Dre);4:38;Relapse (Deluxe Version);2009;Hip-Hop/Rap
Eminem;Must Be the Ganja;4:02;Relapse (Deluxe Version);2009;Hip-Hop/Rap
Eminem;Mr. Mathers (Skit);0:42;Relapse (Deluxe Version);2009;Hip-Hop/Rap
Eminem;Deja Vu;4:43;Relapse (Deluxe Version);2009;Hip-Hop/Rap
Eminem;Beautiful;6:32;Relapse (Deluxe Version);2009;Hip-Hop/Rap
Eminem;Crack a Bottle (feat. Dr. Dre & 50 Cent);4:57;Relapse (Deluxe Version);2009;Hip-Hop/Rap
Eminem;Steve Berman (Skit);1:29;Relapse (Deluxe Version);2009;Hip-Hop/Rap
Eminem;Underground / Ken Kaniff;6:10;Relapse (Deluxe Version);2009;Hip-Hop/Rap
Eminem;We Made You (Single Version);4:46;Relapse (Deluxe Version);2009;Hip-Hop/Rap
Eminem;Crack a Bottle (feat. Dr. Dre);5:15;Relapse (Deluxe Version);2009;Hip-Hop/Rap
Eminem;My Darling;5:20;Relapse (Deluxe Version);2009;Hip-Hop/Rap
Eminem;Careful What You Wish For;3:47;Relapse (Deluxe Version);2009;Hip-Hop/Rap
Eminem;3 A.M.;5:26;Relapse (Deluxe Version);2009;Hip-Hop/Rap
Eminem;We Made You;4:42;Relapse (Deluxe Version);2009;Hip-Hop/Rap
Eminem;Dr. West (Skit);1:29;Relapse;2009;Hip-Hop/Rap
Eminem;3 a.m.;5:19;Relapse;2009;Hip-Hop/Rap
Eminem;My Mom;5:19;Relapse;2009;Hip-Hop/Rap
Eminem;Insane;3:01;Relapse;2009;Hip-Hop/Rap
Eminem;Bagpipes from Baghdad;4:43;Relapse;2009;Hip-Hop/Rap
Eminem;Hello;4:08;Relapse;2009;Hip-Hop/Rap
Eminem;Tonya (Skit);0:42;Relapse;2009;Hip-Hop/Rap
Eminem;Same Song & Dance;4:06;Relapse;2009;Hip-Hop/Rap
Eminem;We Made You;4:29;Relapse;2009;Hip-Hop/Rap
Eminem;Medicine Ball;3:57;Relapse;2009;Hip-Hop/Rap
Eminem;Paul (Skit);0:19;Relapse;2009;Hip-Hop/Rap
Eminem;Stay Wide Awake;5:19;Relapse;2009;Hip-Hop/Rap
Eminem;Old Time's Sake;4:38;Relapse;2009;Hip-Hop/Rap
Eminem;Must Be the Ganja;4:02;Relapse;2009;Hip-Hop/Rap
Eminem;Mr. Mathers (Skit);0:42;Relapse;2009;Hip-Hop/Rap
Eminem;Déjà vu;4:43;Relapse;2009;Hip-Hop/Rap
Eminem;Beautiful;6:32;Relapse;2009;Hip-Hop/Rap
Eminem;Crack a Bottle;4:57;Relapse;2009;Hip-Hop/Rap
Eminem;Steve Berman (Skit);1:29;Relapse;2009;Hip-Hop/Rap
Eminem;Underground/Ken Kaniff;6:11;Relapse;2009;Hip-Hop/Rap
Eminem;We Made You (Single Version);4:47;Relapse;2009;Hip-Hop/Rap
Eminem;Crack a Bottle (Single Version);5:15;Relapse;2009;Hip-Hop/Rap
Eminem;Cold Wind Blows;5:03;Recovery;2010;Hip-Hop/Rap
Eminem;Talkin’ 2 Myself (feat. Kobe);5:00;Recovery;2010;Hip-Hop/Rap
Eminem;On Fire;3:33;Recovery;2010;Hip-Hop/Rap
Eminem;Won't Back Down (feat. Pink);4:25;Recovery;2010;Hip-Hop/Rap
Eminem;W.T.P.;3:58;Recovery;2010;Hip-Hop/Rap
Eminem;Going Through Changes;4:58;Recovery;2010;Hip-Hop/Rap
Eminem;Not Afraid;4:08;Recovery;2010;Hip-Hop/Rap
Eminem;Seduction;4:35;Recovery;2010;Hip-Hop/Rap
Eminem;No Love (feat. Lil Wayne);4:59;Recovery;2010;Hip-Hop/Rap
Eminem;Space Bound;4:38;Recovery;2010;Hip-Hop/Rap
Eminem;Cinderella Man;4:38;Recovery;2010;Hip-Hop/Rap
Eminem;25 to Life;4:01;Recovery;2010;Hip-Hop/Rap
Eminem;So Bad;5:25;Recovery;2010;Hip-Hop/Rap
Eminem;Almost Famous;4:52;Recovery;2010;Hip-Hop/Rap
Eminem;Love the Way You Lie (feat. Rihanna);4:23;Recovery;2010;Hip-Hop/Rap
Eminem;You’re Never Over;5:05;Recovery;2010;Hip-Hop/Rap
Eminem;Untitled;3:14;Recovery;2010;Hip-Hop/Rap
Eminem;Cold Wind Blows;5:03;Recovery (Deluxe Edition);2010;Hip-Hop/Rap
Eminem;Talkin' 2 Myself (feat. Kobe);5:00;Recovery (Deluxe Edition);2010;Hip-Hop/Rap
Eminem;On Fire;3:33;Recovery (Deluxe Edition);2010;Hip-Hop/Rap
Eminem;Won't Back Down (feat. P!nk);4:25;Recovery (Deluxe Edition);2010;Hip-Hop/Rap
Eminem;W.T.P.;3:58;Recovery (Deluxe Edition);2010;Hip-Hop/Rap
Eminem;Going Through Changes;4:58;Recovery (Deluxe Edition);2010;Hip-Hop/Rap
Eminem;Not Afraid;4:08;Recovery (Deluxe Edition);2010;Hip-Hop/Rap
Eminem;Seduction;4:35;Recovery (Deluxe Edition);2010;Hip-Hop/Rap
Eminem;No Love (feat. Lil Wayne);4:59;Recovery (Deluxe Edition);2010;Hip-Hop/Rap
Eminem;Space Bound;4:38;Recovery (Deluxe Edition);2010;Hip-Hop/Rap
Eminem;Cinderella Man;4:38;Recovery (Deluxe Edition);2010;Hip-Hop/Rap
Eminem;25 to Life;4:01;Recovery (Deluxe Edition);2010;Hip-Hop/Rap
Eminem;So Bad;5:25;Recovery (Deluxe Edition);2010;Hip-Hop/Rap
Eminem;Almost Famous;4:52;Recovery (Deluxe Edition);2010;Hip-Hop/Rap
Eminem;Love the Way You Lie (feat. Rihanna);4:23;Recovery (Deluxe Edition);2010;Hip-Hop/Rap
Eminem;You're Never Over;5:05;Recovery (Deluxe Edition);2010;Hip-Hop/Rap
Eminem;Untitled;3:14;Recovery (Deluxe Edition);2010;Hip-Hop/Rap
Eminem;Ridaz;4:59;Recovery (Deluxe Edition);2010;Hip-Hop/Rap
Eminem;Session One (feat. Slaughterhouse);4:28;Recovery (Deluxe Edition);2010;Hip-Hop/Rap
Eminem;Not Afraid;4:18;Recovery (Deluxe Edition);2010;Hip-Hop/Rap
Eminem;Bad Guy;7:14;The Marshall Mathers LP2;2013;Hip-Hop/Rap
Eminem;Parking Lot (skit);0:55;The Marshall Mathers LP2;2013;Hip-Hop/Rap
Eminem;Rhyme Or Reason;5:01;The Marshall Mathers LP2;2013;Hip-Hop/Rap
Eminem;So Much Better;4:21;The Marshall Mathers LP2;2013;Hip-Hop/Rap
Eminem;Survival;4:32;The Marshall Mathers LP2;2013;Hip-Hop/Rap
Eminem;Legacy;4:56;The Marshall Mathers LP2;2013;Hip-Hop/Rap
Eminem;A*****e (feat. Skylar Grey);4:48;The Marshall Mathers LP2;2013;Hip-Hop/Rap
Eminem;Berzerk;3:58;The Marshall Mathers LP2;2013;Hip-Hop/Rap
Eminem;Rap God;6:03;The Marshall Mathers LP2;2013;Hip-Hop/Rap
Eminem;Brainless;4:46;The Marshall Mathers LP2;2013;Hip-Hop/Rap
Eminem;Stronger Than I Was;5:36;The Marshall Mathers LP2;2013;Hip-Hop/Rap
Eminem;The Monster (feat. Rihanna);4:10;The Marshall Mathers LP2;2013;Hip-Hop/Rap
Eminem;So Far...;5:17;The Marshall Mathers LP2;2013;Hip-Hop/Rap
Eminem;Love Game (feat. Kendrick Lamar);4:56;The Marshall Mathers LP2;2013;Hip-Hop/Rap
Eminem;Headlights (feat. Nate Ruess);5:43;The Marshall Mathers LP2;2013;Hip-Hop/Rap
Eminem;Evil Twin;7:33;The Marshall Mathers LP2;2013;Hip-Hop/Rap
Eminem;Bad Guy;7:14;The Marshall Mathers LP2 (Deluxe);2013;Hip-Hop/Rap
Eminem;Parking Lot (Skit);0:55;The Marshall Mathers LP2 (Deluxe);2013;Hip-Hop/Rap
Eminem;Rhyme or Reason;5:01;The Marshall Mathers LP2 (Deluxe);2013;Hip-Hop/Rap
Eminem;So Much Better;4:21;The Marshall Mathers LP2 (Deluxe);2013;Hip-Hop/Rap
Eminem;Survival;4:32;The Marshall Mathers LP2 (Deluxe);2013;Hip-Hop/Rap
Eminem;Legacy;4:56;The Marshall Mathers LP2 (Deluxe);2013;Hip-Hop/Rap
Eminem;A*****e (feat. Skylar Grey);4:48;The Marshall Mathers LP2 (Deluxe);2013;Hip-Hop/Rap
Eminem;Berzerk;3:58;The Marshall Mathers LP2 (Deluxe);2013;Hip-Hop/Rap
Eminem;Rap God;6:03;The Marshall Mathers LP2 (Deluxe);2013;Hip-Hop/Rap
Eminem;Brainless;4:46;The Marshall Mathers LP2 (Deluxe);2013;Hip-Hop/Rap
Eminem;Stronger Than I Was;5:36;The Marshall Mathers LP2 (Deluxe);2013;Hip-Hop/Rap
Eminem;The Monster (feat. Rihanna);4:10;The Marshall Mathers LP2 (Deluxe);2013;Hip-Hop/Rap
Eminem;So Far...;5:17;The Marshall Mathers LP2 (Deluxe);2013;Hip-Hop/Rap
Eminem;Love Game (feat. Kendrick Lamar);4:56;The Marshall Mathers LP2 (Deluxe);2013;Hip-Hop/Rap
Eminem;Headlights (feat. Nate Ruess);5:43;The Marshall Mathers LP2 (Deluxe);2013;Hip-Hop/Rap
Eminem;Evil Twin;5:56;The Marshall Mathers LP2 (Deluxe);2013;Hip-Hop/Rap
Eminem;Baby;4:23;The Marshall Mathers LP2 (Deluxe);2013;Hip-Hop/Rap
Eminem;Desperation (feat. Jamie N Commons);3:56;The Marshall Mathers LP2 (Deluxe);2013;Hip-Hop/Rap
Eminem;Groundhog Day;4:53;The Marshall Mathers LP2 (Deluxe);2013;Hip-Hop/Rap
Eminem;Beautiful Pain (feat. Sia);4:25;The Marshall Mathers LP2 (Deluxe);2013;Hip-Hop/Rap
Eminem;Wicked Ways (feat. X Ambassadors);6:32;The Marshall Mathers LP2 (Deluxe);2013;Hip-Hop/Rap
Eminem;Walk On Water (feat. Beyoncé);5:03;Revival;2017;Hip-Hop/Rap
Eminem;Believe;5:15;Revival;2017;Hip-Hop/Rap
Eminem;Chloraseptic (feat. PHRESHER);5:01;Revival;2017;Hip-Hop/Rap
Eminem;Untouchable;6:10;Revival;2017;Hip-Hop/Rap
Eminem;River (feat. Ed Sheeran);3:41;Revival;2017;Hip-Hop/Rap
Eminem;Remind Me (Intro);0:26;Revival;2017;Hip-Hop/Rap
Eminem;Remind Me;3:45;Revival;2017;Hip-Hop/Rap
Eminem;Revival (Interlude);0:51;Revival;2017;Hip-Hop/Rap
Eminem;Like Home (feat. Alicia Keys);4:05;Revival;2017;Hip-Hop/Rap
Eminem;Bad Husband (feat. X Ambassadors);4:47;Revival;2017;Hip-Hop/Rap
Eminem;Tragic Endings (feat. Skylar Grey);4:12;Revival;2017;Hip-Hop/Rap
Eminem;Framed;4:13;Revival;2017;Hip-Hop/Rap
Eminem;Nowhere Fast (feat. Kehlani);4:24;Revival;2017;Hip-Hop/Rap
Eminem;Heat;4:10;Revival;2017;Hip-Hop/Rap
Eminem;Offended;5:20;Revival;2017;Hip-Hop/Rap
Eminem;Need Me (feat. P!nk);4:25;Revival;2017;Hip-Hop/Rap
Eminem;In Your Head;3:02;Revival;2017;Hip-Hop/Rap
Eminem;Castle;4:14;Revival;2017;Hip-Hop/Rap
Eminem;Arose;4:34;Revival;2017;Hip-Hop/Rap
Eminem;The Ringer;5:37;Kamikaze;2018;Hip-Hop/Rap
Eminem;Greatest;3:46;Kamikaze;2018;Hip-Hop/Rap
Eminem;Lucky You (feat. Joyner Lucas);4:04;Kamikaze;2018;Hip-Hop/Rap
Eminem;Paul (Skit);0:35;Kamikaze;2018;Hip-Hop/Rap
Eminem;Normal;3:42;Kamikaze;2018;Hip-Hop/Rap
Eminem;Em Calls Paul (Skit);0:49;Kamikaze;2018;Hip-Hop/Rap
Eminem;Stepping Stone;5:09;Kamikaze;2018;Hip-Hop/Rap
Eminem;"Not Alike (feat. Royce da 5'9"")";4:48;Kamikaze;2018;Hip-Hop/Rap
Eminem;Kamikaze;3:36;Kamikaze;2018;Hip-Hop/Rap
Eminem;Fall;4:22;Kamikaze;2018;Hip-Hop/Rap
Eminem;Nice Guy;2:30;Kamikaze;2018;Hip-Hop/Rap
Eminem;Good Guy (feat. Jessie Reyez);2:22;Kamikaze;2018;Hip-Hop/Rap
Eminem;Venom (Music From The Motion Picture);4:29;Kamikaze;2018;Hip-Hop/Rap
maid boys;Sanpo;03:33;Kyary Pamyu Pamyu's Ghibli Set;2011;J-Pop
ZAKI;Take Me Home Country Roads;03:15;Kyary Pamyu Pamyu's Ghibli Set;2011;J-Pop
maid boys;Kazenotoorimichi;03:29;Kyary Pamyu Pamyu's Ghibli Set;2011;J-Pop
ZAKI;Anonatsuhe;03:33;Kyary Pamyu Pamyu's Ghibli Set;2011;J-Pop
RAM RIDER;Baronnouta;02:40;Kyary Pamyu Pamyu's Ghibli Set;2011;J-Pop
Koji Tsukada;Ru-Jyunodenngonn;03:13;Kyary Pamyu Pamyu's Ghibli Set;2011;J-Pop
Koji Tsukada;Kimiwonosete;03:03;Kyary Pamyu Pamyu's Ghibli Set;2011;J-Pop
Koji Tsukada;Kazeninaru;03:53;Kyary Pamyu Pamyu's Ghibli Set;2011;J-Pop
maid boys;Jinnseinomeri-Go-Ranndo;03:30;Kyary Pamyu Pamyu's Ghibli Set;2011;J-Pop
Kyary Pamyu Pamyu;Way Way Mega Mix;07:19;Kyary Pamyu Pamyu's Ghibli Set;2011;J-Pop
Kyary Pamyu Pamyu;Kyarynomarch;1:07;Moshimoshiharajuku;2011;Electronic
Kyary Pamyu Pamyu;Cherrybonbon;3:38;Moshimoshiharajuku;2011;Electronic
Kyary Pamyu Pamyu;PONPONPON;4:02;Moshimoshiharajuku;2011;Electronic
Kyary Pamyu Pamyu;Tyodoiino;3:19;Moshimoshiharajuku;2011;Electronic
Kyary Pamyu Pamyu;Pinponganannai;4:44;Moshimoshiharajuku;2011;Electronic
Kyary Pamyu Pamyu;jelly;4:32;Moshimoshiharajuku;2011;Electronic
Kyary Pamyu Pamyu;PONPONPON extended;6:01;Moshimoshiharajuku;2011;Electronic
Kyary Pamyu Pamyu;pamyupamyu revolution;1:00;pamyupamyurevolution;2012;Electronic
Kyary Pamyu Pamyu;tsukematsukeru;4:21;pamyupamyurevolution;2012;Electronic
Kyary Pamyu Pamyu;Ponponpon;4:02;pamyupamyurevolution;2012;Electronic
Kyary Pamyu Pamyu;minnanouta;5:03;pamyupamyurevolution;2012;Electronic
Kyary Pamyu Pamyu;kyaryanan;3:18;pamyupamyurevolution;2012;Electronic
Kyary Pamyu Pamyu;Candy Candy;3:51;pamyupamyurevolution;2012;Electronic
Kyary Pamyu Pamyu;Drinker;4:17;pamyupamyurevolution;2012;Electronic
Kyary Pamyu Pamyu;onedari44do;3:39;pamyupamyurevolution;2012;Electronic
Kyary Pamyu Pamyu;sukisugitekiresou;5:19;pamyupamyurevolution;2012;Electronic
Kyary Pamyu Pamyu;girigiri safe;3:13;pamyupamyurevolution;2012;Electronic
Kyary Pamyu Pamyu;oyasumi;4:42;pamyupamyurevolution;2012;Electronic
Kyary Pamyu Pamyu;tyantyakatyantyan;4:46;pamyupamyurevolution;2012;Electronic
Kyary Pamyu Pamyu;Nanda Collection;0:47;Nanda Collection;2012;Electronic
Kyary Pamyu Pamyu;Ninja Re Bang Bang;4:26;Nanda Collection;2012;Electronic
Kyary Pamyu Pamyu;Kimini 100 Percent;3:20;Nanda Collection;2012;Electronic
Kyary Pamyu Pamyu;Super Scooter Happy;5:54;Nanda Collection;2012;Electronic
Kyary Pamyu Pamyu;Invader Invader;4:11;Nanda Collection;2012;Electronic
Kyary Pamyu Pamyu;Me;4:11;Nanda Collection;2012;Electronic
Kyary Pamyu Pamyu;Fashion Monster;4:37;Nanda Collection;2012;Electronic
Kyary Pamyu Pamyu;Saigo No Icecream;4:10;Nanda Collection;2012;Electronic
Kyary Pamyu Pamyu;Noriko To Norio;3:17;Nanda Collection;2012;Electronic
Kyary Pamyu Pamyu;Furisodeshon;4:05;Nanda Collection;2012;Electronic
Kyary Pamyu Pamyu;Kura Kura;2:49;Nanda Collection;2012;Electronic
Kyary Pamyu Pamyu;Otona Na Kodomo;5:31;Nanda Collection;2012;Electronic
Kyary Pamyu Pamyu;Fashion Monster;4:46;Nanda Collection;2012;Electronic
Kyary Pamyu Pamyu;Yumeno Hajima Ring Ring;03:21;Yumeno Hajima Ring Ring - EP;2014;J-Pop
Kyary Pamyu Pamyu;Slow-Mo;03:33;Yumeno Hajima Ring Ring - EP;2014;J-Pop
Kyary Pamyu Pamyu;Mottai-Nightland (Extended Mix);04:50;Yumeno Hajima Ring Ring - EP;2014;J-Pop
Kyary Pamyu Pamyu;Yumeno Hajima Ring Ring (Instrumental);03:21;Yumeno Hajima Ring Ring - EP;2014;J-Pop
Kyary Pamyu Pamyu;Slow-Mo (Instrumental);03:34;Yumeno Hajima Ring Ring - EP;2014;J-Pop
Kyary Pamyu Pamyu;Pika Pika Fantajin;1:12;Pika Pika Fantajin;2014;Pop
Kyary Pamyu Pamyu;Kira Kira Killer;4:16;Pika Pika Fantajin;2014;Pop
Kyary Pamyu Pamyu;Yumeno Hajima Ring Ring;4:04;Pika Pika Fantajin;2014;Pop
Kyary Pamyu Pamyu;Mottai-Nightland;4:01;Pika Pika Fantajin;2014;Pop
Kyary Pamyu Pamyu;Serious Hitomi;5:18;Pika Pika Fantajin;2014;Pop
Kyary Pamyu Pamyu;Do Do Pi Do;4:39;Pika Pika Fantajin;2014;Pop
Kyary Pamyu Pamyu;Family Party;3:39;Pika Pika Fantajin;2014;Pop
Kyary Pamyu Pamyu;Ring a Bell;4:09;Pika Pika Fantajin;2014;Pop
Kyary Pamyu Pamyu;Tokyo Highway;5:09;Pika Pika Fantajin;2014;Pop
Kyary Pamyu Pamyu;Koi Koi Koi;3:17;Pika Pika Fantajin;2014;Pop
Kyary Pamyu Pamyu;Sunngoi Aura;3:40;Pika Pika Fantajin;2014;Pop
Kyary Pamyu Pamyu;Explorer;4:03;Pika Pika Fantajin;2014;Pop
Kyary Pamyu Pamyu;Mondai Girl;04:36;Mondai Girl;2015;Electronic
Kyary Pamyu Pamyu;Kisekae;04:06;Mondai Girl;2015;Electronic
Kyary Pamyu Pamyu;My Room;04:34;Mondai Girl;2015;Electronic
Kyary Pamyu Pamyu;Candy Candy (Remix);04:31;Mondai Girl;2015;Electronic
Kyary Pamyu Pamyu;Mondai Girl (Instrumental);04:36;Mondai Girl;2015;Electronic
Kyary Pamyu Pamyu;Kisekae (Instrumental);04:06;Mondai Girl;2015;Electronic
Kyary Pamyu Pamyu;My Room (Instrumental);04:34;Mondai Girl;2015;Electronic
Kyary Pamyu Pamyu;Virtual Pamyu Pamyu;1:40;Japamyu;2018;Electronic
Kyary Pamyu Pamyu;Kizunami;3:48;Japamyu;2018;Electronic
Kyary Pamyu Pamyu;Harajuku Iyahoi;3:41;Japamyu;2018;Electronic
Kyary Pamyu Pamyu;Otono Kuni;4:03;Japamyu;2018;Electronic
Kyary Pamyu Pamyu;Kimino Mikata;3:04;Japamyu;2018;Electronic
Kyary Pamyu Pamyu;Chami Chami Charming;4:36;Japamyu;2018;Electronic
Kyary Pamyu Pamyu;Enka Natrium;2:49;Japamyu;2018;Electronic
Kyary Pamyu Pamyu;Koino Hana;4:39;Japamyu;2018;Electronic
Kyary Pamyu Pamyu;Todoke Punch;2:58;Japamyu;2018;Electronic
Kyary Pamyu Pamyu;Sai & Co (Japamyu Edit);4:33;Japamyu;2018;Electronic
Kyary Pamyu Pamyu;Ponponpon;04:02;Ponponpon - Single;2011;J-Pop
Kyary Pamyu Pamyu;Tsukematsukeru;4:21;Tsukematsukeru - EP;2012;Electronic
Kyary Pamyu Pamyu;Kyaryanan;3:18;Tsukematsukeru - EP;2012;Electronic
Kyary Pamyu Pamyu;Cherrybonbon (Extended Mix);5:02;Tsukematsukeru - EP;2012;Electronic
Kyary Pamyu Pamyu;Ponponpon;4:14;Tsukematsukeru - EP;2012;Electronic
Kyary Pamyu Pamyu;Candy Candy;3:51;CANDY CANDY - Single;2012;Electronic
Kyary Pamyu Pamyu;demodemo madamada;4:12;CANDY CANDY - Single;2012;Electronic
Kyary Pamyu Pamyu;tyoudoiino (extended mix);4:24;CANDY CANDY - Single;2012;Electronic
Kyary Pamyu Pamyu;Loveberry;3:16;Loveberry - Single;2012;World
Kyary Pamyu Pamyu;Kimini 100 Percent (Anime Version);1:06;Kimini 100 Percent (Anime Version) - Single;2012;Electronic
Kyary Pamyu Pamyu;Kimini 100 Percent;3:20;Kimini 100 Percent / Furisodeshon - Single;2013;Electronic
Kyary Pamyu Pamyu;Furisodeshon;4:05;Kimini 100 Percent / Furisodeshon - Single;2013;Electronic
Kyary Pamyu Pamyu;Candy Candy (Extended Mix);5:16;Kimini 100 Percent / Furisodeshon - Single;2013;Electronic
Kyary Pamyu Pamyu;ninjya re bang bang;4:26;Ninja Re Bang Bang - EP;2013;Electronic
Kyary Pamyu Pamyu;Unite Unite;3:13;Ninja Re Bang Bang - EP;2013;Electronic
Kyary Pamyu Pamyu;minna no uta -extended mix-;5:47;Ninja Re Bang Bang - EP;2013;Electronic
Kyary Pamyu Pamyu;pamyurevomedley;0:45;Ninja Re Bang Bang - EP;2013;Electronic
Kyary Pamyu Pamyu;Invader Invader;4:11;Invader Invader - Single;2013;Electronic
Kyary Pamyu Pamyu;Point of View;3:35;Invader Invader - Single;2013;Electronic
Kyary Pamyu Pamyu;Fashion Monster (Extended Mix);4:55;Invader Invader - Single;2013;Electronic
Kyary Pamyu Pamyu;Yumeno Hajima Ring Ring;3:21;Yumeno Hajima Ring Ring - EP;2014;Electronic
Kyary Pamyu Pamyu;Slow-Mo;3:33;Yumeno Hajima Ring Ring - EP;2014;Electronic
Kyary Pamyu Pamyu;Mottai-Nightland (Extended Mix);4:50;Yumeno Hajima Ring Ring - EP;2014;Electronic
Kyary Pamyu Pamyu;Yumeno Hajima Ring Ring (Instrumental);3:21;Yumeno Hajima Ring Ring - EP;2014;Electronic
Kyary Pamyu Pamyu;Slow-Mo (Instrumental);3:34;Yumeno Hajima Ring Ring - EP;2014;Electronic
Kyary Pamyu Pamyu;Kira Kira Killer;4:16;Kira Kira Killer - Single;2014;Electronic
Kyary Pamyu Pamyu;Kira Kira Killer (Extended Mix);5:11;Kira Kira Killer - Single;2014;Electronic
Kyary Pamyu Pamyu;Mondai Girl;4:36;Mondai Girl;2015;Electronic
Kyary Pamyu Pamyu;Kisekae;4:06;Mondai Girl;2015;Electronic
Kyary Pamyu Pamyu;My Room;4:34;Mondai Girl;2015;Electronic
Kyary Pamyu Pamyu;Candy Candy (Remix);4:31;Mondai Girl;2015;Electronic
Kyary Pamyu Pamyu;Mondai Girl (Instrumental);4:36;Mondai Girl;2015;Electronic
Kyary Pamyu Pamyu;Kisekae (Instrumental);4:06;Mondai Girl;2015;Electronic
Kyary Pamyu Pamyu;My Room (Instrumental);4:34;Mondai Girl;2015;Electronic
Kyary Pamyu Pamyu;Sai & Co;3:32;Sai & Co - EP;2016;Electronica
Kyary Pamyu Pamyu;Cosmetic Coaster;3:25;Sai & Co - EP;2016;Electronica
Kyary Pamyu Pamyu;Mondai Girl (Extended Mix);5:29;Sai & Co - EP;2016;Electronica
Kyary Pamyu Pamyu;Sai & Co (Instrumental);3:32;Sai & Co - EP;2016;Electronica
Kyary Pamyu Pamyu;Cosmetic Coaster (Instrumental);3:25;Sai & Co - EP;2016;Electronica
Kyary Pamyu Pamyu;Harajuku Iyahoi;3:41;Harajuku Iyahoi - Single;2017;Electronic
Kyary Pamyu Pamyu;Harajuku Iyahoi;3:41;Harajuku Iyahoi - Single;2017;Electronica
Kyary Pamyu Pamyu;Harajuku Iyahoi (Extended Mix);5:39;Harajuku Iyahoi - Single;2017;Electronica
Kyary Pamyu Pamyu;Easta;3:00;Easta - EP;2017;Electronica
Kyary Pamyu Pamyu;Todoke Punch;2:58;Easta - EP;2017;Electronica
Kyary Pamyu Pamyu;Sai & Co (Extended Mix);4:24;Easta - EP;2017;Electronica
Kyary Pamyu Pamyu;Easta (Instrumental);3:00;Easta - EP;2017;Electronica
Kyary Pamyu Pamyu;Todoke Punch (instrumental);2:58;Easta - EP;2017;Electronica
Kyary Pamyu Pamyu;Kimino Mikata;3:04;Kimino Mikata - Single;2018;Electronic
Kyary Pamyu Pamyu;Kizunami;3:48;Kizunami - Single;2018;Electronic
Nightwish;Elvenpath;4:37;Angels Fall First (Remastered);1996;Rock
Nightwish;Beauty and the Beast;6:22;Angels Fall First (Remastered);1996;Rock
Nightwish;The Carpenter;5:55;Angels Fall First (Remastered);1996;Rock
Nightwish;Astral Romance;5:10;Angels Fall First (Remastered);1996;Rock
Nightwish;Angels Fall First;5:34;Angels Fall First (Remastered);1996;Rock
Nightwish;Tutankhamen;5:29;Angels Fall First (Remastered);1996;Rock
Nightwish;Nymphomaniac Fantasia;4:45;Angels Fall First (Remastered);1996;Rock
Nightwish;Know Why the Nightingale Sings;4:13;Angels Fall First (Remastered);1996;Rock
Nightwish;Lappi, Pt. 1: Erämaajärvi;2:15;Angels Fall First (Remastered);1996;Rock
Nightwish;Lappi, Pt. 2: Witchdrums;1:18;Angels Fall First (Remastered);1996;Rock
Nightwish;Lappi, Pt. 3: This Moment Is Eternity;3:12;Angels Fall First (Remastered);1996;Rock
Nightwish;Lappi, Pt. 4: Etiäinen;2:33;Angels Fall First (Remastered);1996;Rock
Nightwish;Return to the Sea;5:46;Angels Fall First (Remastered);1996;Rock
Nightwish;Nightwish (Demo 1997);5:49;Angels Fall First (Remastered);1996;Rock
Nightwish;The Forever Moments (Demo 1997);5:36;Angels Fall First (Remastered);1996;Rock
Nightwish;Etiäinen (Demo 1997);2:59;Angels Fall First (Remastered);1996;Rock
Nightwish;Stargazers;4:28;Oceanborn;1998;Rock
Nightwish;Gethsemane;5:22;Oceanborn;1998;Rock
Nightwish;Devil & the Deep Dark Ocean;4:46;Oceanborn;1998;Rock
Nightwish;Sacrament of Wilderness;4:12;Oceanborn;1998;Rock
Nightwish;Passion and the Opera;4:50;Oceanborn;1998;Rock
Nightwish;Swanheart;4:44;Oceanborn;1998;Rock
Nightwish;Moondance;3:31;Oceanborn;1998;Rock
Nightwish;The Riddler;5:15;Oceanborn;1998;Rock
Nightwish;The Pharaoh Sails to Orion;6:26;Oceanborn;1998;Rock
Nightwish;Walking In the Air;5:30;Oceanborn;1998;Rock
Nightwish;Sleeping Sun;4:02;Oceanborn;1998;Rock
Nightwish;Nightquest;4:15;Oceanborn;1998;Rock
Nightwish;Sleeping Sun (Live at Summer Breeze Open Air);4:29;Oceanborn;1998;Rock
Nightwish;Swanheart (Live at Pakkahuone);3:52;Oceanborn;1998;Rock
Nightwish;The Pharaoh Sails to Orion (Live at Pakkahuone);6:44;Oceanborn;1998;Rock
Nightwish;She Is My Sin;4:46;Wishmaster;2000;Rock
Nightwish;The Kinslayer;3:58;Wishmaster;2000;Rock
Nightwish;Come Cover Me;4:34;Wishmaster;2000;Rock
Nightwish;Wanderlust;4:50;Wishmaster;2000;Rock
Nightwish;Two for Tragedy;3:50;Wishmaster;2000;Rock
Nightwish;Wishmaster;4:24;Wishmaster;2000;Rock
Nightwish;Bare Grace Misery;3:39;Wishmaster;2000;Rock
Nightwish;Crownless;4:25;Wishmaster;2000;Rock
Nightwish;Deep Silent Complete;3:57;Wishmaster;2000;Rock
Nightwish;Dead Boy's Poem;6:47;Wishmaster;2000;Rock
Nightwish;FantasMic;8:17;Wishmaster;2000;Rock
Nightwish;Sleepwalker (Eurovision Version);2:55;Wishmaster;2000;Rock
Nightwish;Wanderlust (Live at Pakkahuone);4:30;Wishmaster;2000;Rock
Nightwish;Deep Silent Complete (Live at Pakkahuone);4:20;Wishmaster;2000;Rock
Nightwish;Over The Hills And Far Away;;Over The Hills & Far Away;2001;Rock
Nightwish;10th Man Down;;Over The Hills & Far Away;2001;Rock
Nightwish;Away;;Over The Hills & Far Away;2001;Rock
Nightwish;The Kinslayer (Live);;Over The Hills & Far Away;2001;Rock
Nightwish;She Is My Sin (Live);;Over The Hills & Far Away;2001;Rock
Nightwish;Sacrament Of Wilderness (Live);;Over The Hills & Far Away;2001;Rock
Nightwish;Walking In The Air (Live);;Over The Hills & Far Away;2001;Rock
Nightwish;Astral Romance (Remake 2001);;Over The Hills & Far Away;2001;Rock
Nightwish;Beauty & The Beast (Live);;Over The Hills & Far Away;2001;Rock
Nightwish;Wishmaster (Live);;Over The Hills & Far Away;2001;Rock
Nightwish;Bless The Child;;Century Child;2002;Rock
Nightwish;End of All Hope;;Century Child;2002;Rock
Nightwish;Dead To The World;;Century Child;2002;Rock
Nightwish;Ever Dream;;Century Child;2002;Rock
Nightwish;Slaying The Dreamer;;Century Child;2002;Rock
Nightwish;Forever Yours;;Century Child;2002;Rock
Nightwish;Ocean Soul;;Century Child;2002;Rock
Nightwish;Feel For You;;Century Child;2002;Rock
Nightwish;The Phantom Of The Opera;;Century Child;2002;Rock
Nightwish;Beauty Of The Beast;;Century Child;2002;Rock
Nightwish;The Wayfarer (bonus);;Century Child;2002;Rock
Nightwish;Dark Chest of Wonders;4:28;Once;2004;Metal
Nightwish;Wish I Had an Angel;4:03;Once;2004;Metal
Nightwish;Nemo;4:39;Once;2004;Metal
Nightwish;Planet Hell;4:38;Once;2004;Metal
Nightwish;Creek Mary's Blood;8:29;Once;2004;Metal
Nightwish;The Siren;4:45;Once;2004;Metal
Nightwish;Dead Gardens;4:25;Once;2004;Metal
Nightwish;Romanticide;4:58;Once;2004;Metal
Nightwish;Ghost Love Score;10:01;Once;2004;Metal
Nightwish;Kuolema Tekee Taiteilijan;3:35;Once;2004;Metal
Nightwish;Higher Than Hope;5:59;Once;2004;Metal
Nightwish;Escapist;4:56;"The Sound of Nightwish Reborn - Early Demos for ""Dark Passion Play""";2007;Rock
Nightwish;Reach (Amaranth Demo Version);3:52;"The Sound of Nightwish Reborn - Early Demos for ""Dark Passion Play""";2007;Rock
Nightwish;Eva (Orchestral);4:24;"The Sound of Nightwish Reborn - Early Demos for ""Dark Passion Play""";2007;Rock
Nightwish;While Your Lips Are Still Red;4:18;"The Sound of Nightwish Reborn - Early Demos for ""Dark Passion Play""";2007;Rock
Nightwish;The Poet and the Pendulum (Demo Version);13:40;"The Sound of Nightwish Reborn - Early Demos for ""Dark Passion Play""";2007;Rock
Nightwish;Amaranth (Orchestral);3:46;"The Sound of Nightwish Reborn - Early Demos for ""Dark Passion Play""";2007;Rock
Nightwish;Eva (Demo);4:15;"The Sound of Nightwish Reborn - Early Demos for ""Dark Passion Play""";2007;Rock
Nightwish;Bye Bye Beautiful (DJ Orkidea Remix);12:06;"The Sound of Nightwish Reborn - Early Demos for ""Dark Passion Play""";2007;Rock
Nightwish;Meadows of Heaven (Orchestral);7:10;"The Sound of Nightwish Reborn - Early Demos for ""Dark Passion Play""";2007;Rock
Nightwish;The Poet and the Pendulum;13:54;Dark Passion Play;2007;Metal
Nightwish;Bye Bye Beautiful;4:14;Dark Passion Play;2007;Metal
Nightwish;Amaranth;3:53;Dark Passion Play;2007;Metal
Nightwish;Cadence of Her Last Breath;4:14;Dark Passion Play;2007;Metal
Nightwish;Master Passion Greed;6:02;Dark Passion Play;2007;Metal
Nightwish;Eva;4:25;Dark Passion Play;2007;Metal
Nightwish;Sahara;5:47;Dark Passion Play;2007;Metal
Nightwish;Whoever Brings the Night;4:17;Dark Passion Play;2007;Metal
Nightwish;For the Heart I Once Had;3:56;Dark Passion Play;2007;Metal
Nightwish;The Islander;5:05;Dark Passion Play;2007;Metal
Nightwish;Last of the Wilds;5:40;Dark Passion Play;2007;Metal
Nightwish;7 Days To the Wolves;7:03;Dark Passion Play;2007;Metal
Nightwish;Meadows of Heaven;7:10;Dark Passion Play;2007;Metal
Nightwish;The Poet and the Pendulum (Instrumental Version);13:54;Dark Passion Play;2007;Metal
Nightwish;Bye Bye Beautiful (Instrumental Version);4:14;Dark Passion Play;2007;Metal
Nightwish;Amaranth (Instrumental Version);3:51;Dark Passion Play;2007;Metal
Nightwish;Cadence of Her Last Breath (Instrumental Version);4:14;Dark Passion Play;2007;Metal
Nightwish;Master Passion Greed (Instrumental Version);6:02;Dark Passion Play;2007;Metal
Nightwish;Eva (Instrumental Version);4:25;Dark Passion Play;2007;Metal
Nightwish;Sahara (Instrumental Version);5:47;Dark Passion Play;2007;Metal
Nightwish;Whoever Brings the Night (Instrumental Version);4:17;Dark Passion Play;2007;Metal
Nightwish;For the Heart I Once Had (Instrumental Version);3:56;Dark Passion Play;2007;Metal
Nightwish;The Islander (Instrumental Version);5:05;Dark Passion Play;2007;Metal
Nightwish;Last of the Wilds (Instrumental Version);5:40;Dark Passion Play;2007;Metal
Nightwish;7 Days To the Wolves (Instrumental Version);7:04;Dark Passion Play;2007;Metal
Nightwish;Meadows of Heaven (Instrumental Version);7:09;Dark Passion Play;2007;Metal
Nightwish;Bye Bye Beautiful;4:19;Bye Bye Beautiful - EP;2008;Rock
Nightwish;The Poet and the Pendulum (Demo Version);13:43;Bye Bye Beautiful - EP;2008;Rock
Nightwish;Escapist;5:01;Bye Bye Beautiful - EP;2008;Rock
Nightwish;Bye Bye Beautiful (DJ Orkidea Remix);12:07;Bye Bye Beautiful - EP;2008;Rock
Nightwish;Dark Chest of Wonders (Live @ Wacken 2013);4:32;Showtime, Storytime;2011;Metal
Nightwish;Wish I Had an Angel (Live @ Wacken 2013);4:48;Showtime, Storytime;2011;Metal
Nightwish;She Is My Sin (Live @ Wacken 2013);4:55;Showtime, Storytime;2011;Metal
Nightwish;Ghost River (Live @ Wacken 2013);6:04;Showtime, Storytime;2011;Metal
Nightwish;Ever Dream (Live @ Wacken 2013);5:21;Showtime, Storytime;2011;Metal
Nightwish;Storytime (Live @ Wacken 2013);5:34;Showtime, Storytime;2011;Metal
Nightwish;I Want My Tears Back (Live @ Wacken 2013);6:44;Showtime, Storytime;2011;Metal
Nightwish;Nemo (Live @ Wacken 2013);4:45;Showtime, Storytime;2011;Metal
Nightwish;Last of the Wilds (Live @ Wacken 2013);6:31;Showtime, Storytime;2011;Metal
Nightwish;Bless the Child (Live @ Wacken 2013);7:06;Showtime, Storytime;2011;Metal
Nightwish;Romanticide (Live @ Wacken 2013);5:39;Showtime, Storytime;2011;Metal
Nightwish;Amaranth (Live @ Wacken 2013);4:25;Showtime, Storytime;2011;Metal
Nightwish;Ghost Love Score (Live @ Wacken 2013);10:30;Showtime, Storytime;2011;Metal
Nightwish;Song of Myself (Live @ Wacken 2013);7:53;Showtime, Storytime;2011;Metal
Nightwish;Last Ride of the Day (Live @ Wacken 2013);4:34;Showtime, Storytime;2011;Metal
Nightwish;Imaginaerum (Outro) [Live @ Wacken 2013];6:15;Showtime, Storytime;2011;Metal
Nightwish;Taikatalvi;2:35;Imaginaerum;2011;Metal
Nightwish;Storytime;5:22;Imaginaerum;2011;Metal
Nightwish;Ghost River;5:24;Imaginaerum;2011;Metal
Nightwish;Slow, Love, Slow;5:50;Imaginaerum;2011;Metal
Nightwish;I Want My Tears Back;5:07;Imaginaerum;2011;Metal
Nightwish;Scaretale;7:32;Imaginaerum;2011;Metal
Nightwish;Arabesque;2:52;Imaginaerum;2011;Metal
Nightwish;Turn Loose the Mermaids;4:19;Imaginaerum;2011;Metal
Nightwish;Rest Calm;6:59;Imaginaerum;2011;Metal
Nightwish;The Crow, The Owl and the Dove;4:10;Imaginaerum;2011;Metal
Nightwish;Last Ride of the Day;4:31;Imaginaerum;2011;Metal
Nightwish;Song of Myself;13:29;Imaginaerum;2011;Metal
Nightwish;Imaginaerum;6:18;Imaginaerum;2011;Metal
Nightwish;Taikatalvi;2:35;Imaginaerum (Special Edition);2011;Rock
Nightwish;Storytime;5:22;Imaginaerum (Special Edition);2011;Rock
Nightwish;Ghost River;5:24;Imaginaerum (Special Edition);2011;Rock
Nightwish;Slow, Love, Slow;5:50;Imaginaerum (Special Edition);2011;Rock
Nightwish;I Want My Tears Back;5:07;Imaginaerum (Special Edition);2011;Rock
Nightwish;Scaretale;7:32;Imaginaerum (Special Edition);2011;Rock
Nightwish;Arabesque;2:52;Imaginaerum (Special Edition);2011;Rock
Nightwish;Turn Loose the Mermaids;4:19;Imaginaerum (Special Edition);2011;Rock
Nightwish;Rest Calm;6:59;Imaginaerum (Special Edition);2011;Rock
Nightwish;The Crow, the Owl and the Dove;4:10;Imaginaerum (Special Edition);2011;Rock
Nightwish;Last Ride of the Day;4:31;Imaginaerum (Special Edition);2011;Rock
Nightwish;Song of Myself;13:29;Imaginaerum (Special Edition);2011;Rock
Nightwish;Imaginaerum;6:18;Imaginaerum (Special Edition);2011;Rock
Nightwish;Taikatalvi (Instrumental);2:35;Imaginaerum (Special Edition);2011;Rock
Nightwish;Storytime (Instrumental);5:22;Imaginaerum (Special Edition);2011;Rock
Nightwish;Ghost River (Instrumental);5:24;Imaginaerum (Special Edition);2011;Rock
Nightwish;Slow, Love, Slow (Instrumental);5:50;Imaginaerum (Special Edition);2011;Rock
Nightwish;I Want My Tears Back (Instrumental);5:07;Imaginaerum (Special Edition);2011;Rock
Nightwish;Scaretale (Instrumental);7:32;Imaginaerum (Special Edition);2011;Rock
Nightwish;Arabesque (Instrumental);2:57;Imaginaerum (Special Edition);2011;Rock
Nightwish;Turn Loose the Mermaids (Instrumental);4:19;Imaginaerum (Special Edition);2011;Rock
Nightwish;Rest Calm (Instrumental);6:59;Imaginaerum (Special Edition);2011;Rock
Nightwish;The Crow, the Owl and the Dove (Instrumental);4:08;Imaginaerum (Special Edition);2011;Rock
Nightwish;Last Ride of the Day (Instrumental);4:30;Imaginaerum (Special Edition);2011;Rock
Nightwish;Song of Myself (Instrumental);12:32;Imaginaerum (Special Edition);2011;Rock
Nightwish;Imaginaerum (Instrumental);6:18;Imaginaerum (Special Edition);2011;Rock
Nightwish;Find Your Story;2:30;Imaginaerum (The Score);2011;Metal
Nightwish;Orphanage Airlines;4:34;Imaginaerum (The Score);2011;Metal
Nightwish;Undertow;5:17;Imaginaerum (The Score);2011;Metal
Nightwish;Spying In the Doorway;3:03;Imaginaerum (The Score);2011;Metal
Nightwish;A Crackling Sphere;3:59;Imaginaerum (The Score);2011;Metal
Nightwish;Sundown;5:33;Imaginaerum (The Score);2011;Metal
Nightwish;Wonderfields;5:31;Imaginaerum (The Score);2011;Metal
Nightwish;Hey Buddy;3:03;Imaginaerum (The Score);2011;Metal
Nightwish;Deeper Down;3:28;Imaginaerum (The Score);2011;Metal
Nightwish;Dare to Enter;1:50;Imaginaerum (The Score);2011;Metal
Nightwish;I Have to Let You Go;8:16;Imaginaerum (The Score);2011;Metal
Nightwish;Heart Lying Still;4:00;Imaginaerum (The Score);2011;Metal
Nightwish;From G to E Minor;2:32;Imaginaerum (The Score);2011;Metal
Nightwish;Shudder Before the Beautiful;6:29;Endless Forms Most Beautiful (Deluxe Version);2015;Metal
Nightwish;Weak Fantasy;5:24;Endless Forms Most Beautiful (Deluxe Version);2015;Metal
Nightwish;Élan;4:48;Endless Forms Most Beautiful (Deluxe Version);2015;Metal
Nightwish;Yours Is an Empty Hope;5:39;Endless Forms Most Beautiful (Deluxe Version);2015;Metal
Nightwish;Our Decades In the Sun;6:38;Endless Forms Most Beautiful (Deluxe Version);2015;Metal
Nightwish;My Walden;4:39;Endless Forms Most Beautiful (Deluxe Version);2015;Metal
Nightwish;Endless Forms Most Beautiful;5:08;Endless Forms Most Beautiful (Deluxe Version);2015;Metal
Nightwish;Edema Ruh;5:15;Endless Forms Most Beautiful (Deluxe Version);2015;Metal
Nightwish;Alpenglow;4:49;Endless Forms Most Beautiful (Deluxe Version);2015;Metal
Nightwish;The Eyes of Sharbat Gula;6:04;Endless Forms Most Beautiful (Deluxe Version);2015;Metal
Nightwish;The Greatest Show On Earth;24:01;Endless Forms Most Beautiful (Deluxe Version);2015;Metal
Nightwish;Shudder Before the Beautiful (Instrumental);6:20;Endless Forms Most Beautiful (Deluxe Version);2015;Metal
Nightwish;Weak Fantasy (Instrumental);5:25;Endless Forms Most Beautiful (Deluxe Version);2015;Metal
Nightwish;Élan (Instrumental);4:46;Endless Forms Most Beautiful (Deluxe Version);2015;Metal
Nightwish;Yours Is an Empty Hope (Instrumental);5:39;Endless Forms Most Beautiful (Deluxe Version);2015;Metal
Nightwish;Our Decades In the Sun (Instrumental);6:39;Endless Forms Most Beautiful (Deluxe Version);2015;Metal
Nightwish;My Walden (Instrumental);4:38;Endless Forms Most Beautiful (Deluxe Version);2015;Metal
Nightwish;Endless Forms Most Beautiful (Instrumental);5:07;Endless Forms Most Beautiful (Deluxe Version);2015;Metal
Nightwish;Edema Ruh (instrumental);5:16;Endless Forms Most Beautiful (Deluxe Version);2015;Metal
Nightwish;Alpenglow (Instrumental);4:49;Endless Forms Most Beautiful (Deluxe Version);2015;Metal
Nightwish;The Eyes of Sharbat Gula (Instrumental);6:04;Endless Forms Most Beautiful (Deluxe Version);2015;Metal
Nightwish;The Greatest Show On Earth (Instrumental);24:08;Endless Forms Most Beautiful (Deluxe Version);2015;Metal
Nightwish;The Greatest Show on Earth (Remastered);23:59;Decades;2018;Metal
Nightwish;Élan (Remastered);4:47;Decades;2018;Metal
Nightwish;My Walden (Remastered);4:41;Decades;2018;Metal
Nightwish;Storytime (Remastered);5:30;Decades;2018;Metal
Nightwish;I Want My Tears Back (Remastered);5:11;Decades;2018;Metal
Nightwish;Amaranth (Remastered);3:57;Decades;2018;Metal
Nightwish;The Poet and the Pendulum (Remastered);13:54;Decades;2018;Metal
Nightwish;Nemo (Remastered);4:36;Decades;2018;Metal
Nightwish;Wish I Had an Angel (Remastered);4:02;Decades;2018;Metal
Nightwish;Ghost Love Score (Remastered);10:02;Decades;2018;Metal
Nightwish;Slaying the Dreamer (Remastered);4:34;Decades;2018;Metal
Nightwish;End of All Hope (Remastered);4:23;Decades;2018;Metal
Nightwish;10th Man Down (Remastered);5:29;Decades;2018;Metal
Nightwish;The Kinslayer (Remastered);4:09;Decades;2018;Metal
Nightwish;Dead Boy's Poem (Remastered);6:52;Decades;2018;Metal
Nightwish;Gethsemane (Remastered);5:22;Decades;2018;Metal
Nightwish;Devil & the Deep Dark Ocean (Remastered);4:46;Decades;2018;Metal
Nightwish;Sacrament of Wilderness (Remastered);4:14;Decades;2018;Metal
Nightwish;Sleeping Sun (Remastered);4:33;Decades;2018;Metal
Nightwish;Elvenpath (Remastered);4:42;Decades;2018;Metal
Nightwish;The Carpenter (Remastered);6:00;Decades;2018;Metal
Nightwish;Nightwish (Demo) [Remastered];5:48;Decades;2018;Metal
Shakira;Estoy Aquí;3:52;Pies Descalzos;1995;Pop Latino
Shakira;Antología;4:14;Pies Descalzos;1995;Pop Latino
Shakira;Un Poco de Amor;4:01;Pies Descalzos;1995;Pop Latino
Shakira;Quiero;4:10;Pies Descalzos;1995;Pop Latino
Shakira;Te Necesito;4:00;Pies Descalzos;1995;Pop Latino
Shakira;Vuelve;3:53;Pies Descalzos;1995;Pop Latino
Shakira;Te Espero Sentada;3:24;Pies Descalzos;1995;Pop Latino
Shakira;Pies Descalzos, Sueños Blancos;3:25;Pies Descalzos;1995;Pop Latino
Shakira;Pienso en Ti;2:25;Pies Descalzos;1995;Pop Latino
Shakira;Dónde Estás Corazón;3:51;Pies Descalzos;1995;Pop Latino
Shakira;Se Quiere, Se Mata;3:38;Pies Descalzos;1995;Pop Latino
Shakira;Shakira DJ Memegamix;6:21;The Remixes;1997;Pop Latino
Shakira;Estoy Aquí (Extended Club Mix);9:31;The Remixes;1997;Pop Latino
Shakira;Estou Aquí (Estoy Aquí);3:52;The Remixes;1997;Pop Latino
Shakira;Donde Estas Corazon (Dance Remix);8:08;The Remixes;1997;Pop Latino
Shakira;Un Poco de Amor (Extended Dancehall Remix);5:47;The Remixes;1997;Pop Latino
Shakira;Um Pouco de Amor (Un Poco de Amor);3:52;The Remixes;1997;Pop Latino
Shakira;Pies Descalzos, Sueños Blancos (Meme's Super Club Mix);7:25;The Remixes;1997;Pop Latino
Shakira;Pes Delcalcos (Pies Descalzos, Sueños Blancos);3:25;The Remixes;1997;Pop Latino
Shakira;Estoy Aquí (Timbalero Dub);6:06;The Remixes;1997;Pop Latino
Shakira;Donde Estas Corazon (Dub-A-Pella Mix);6:41;The Remixes;1997;Pop Latino
Shakira;Un Poco de Amor (Meme's Jazz Experience);4:42;The Remixes;1997;Pop Latino
Shakira;Pies Descalzos, Sueños Blancos (The Timbalero Dub '97);6:38;The Remixes;1997;Pop Latino
Shakira;Ciega, Sordomuda;4:27;Dónde Están los Ladrones?;2000;Pop Latino
Shakira;Si Te Vas;3:30;Dónde Están los Ladrones?;2000;Pop Latino
Shakira;Moscas en la Casa;3:31;Dónde Están los Ladrones?;2000;Pop Latino
Shakira;No Creo;3:52;Dónde Están los Ladrones?;2000;Pop Latino
Shakira;Inevitable;3:12;Dónde Están los Ladrones?;2000;Pop Latino
Shakira;Octavo Día;4:31;Dónde Están los Ladrones?;2000;Pop Latino
Shakira;Que Vuelvas;3:50;Dónde Están los Ladrones?;2000;Pop Latino
Shakira;Tú;3:34;Dónde Están los Ladrones?;2000;Pop Latino
Shakira;Dónde Están los Ladrones;3:13;Dónde Están los Ladrones?;2000;Pop Latino
Shakira;Sombra de Ti;3:33;Dónde Están los Ladrones?;2000;Pop Latino
Shakira;Ojos Así;3:55;Dónde Están los Ladrones?;2000;Pop Latino
Shakira;Objection (Tango);3:42;Laundry Service;2001;Pop
Shakira;Underneath Your Clothes;3:44;Laundry Service;2001;Pop
Shakira;Whenever, Wherever;3:16;Laundry Service;2001;Pop
Shakira;Rules;3:39;Laundry Service;2001;Pop
Shakira;The One;3:42;Laundry Service;2001;Pop
Shakira;Ready for the Good Times;4:13;Laundry Service;2001;Pop
Shakira;Fool;3:50;Laundry Service;2001;Pop
Shakira;Te Dejo Madrid;3:06;Laundry Service;2001;Pop
Shakira;Poem to a Horse;4:06;Laundry Service;2001;Pop
Shakira;Que Me Quedes Tú;4:47;Laundry Service;2001;Pop
Shakira;Eyes Like Yours (Ojos Así);3:56;Laundry Service;2001;Pop
Shakira;Suerte (Whenever, Wherever);3:14;Laundry Service;2001;Pop
Shakira;Te Aviso, Te Anuncio (Tango);3:43;Laundry Service;2001;Pop
Shakira;En Tus Pupilas;4:21;Fijación Oral, Vol. 1;2005;Pop Latino
Shakira;La Pared;3:19;Fijación Oral, Vol. 1;2005;Pop Latino
Shakira;La Tortura (feat. Alejandro Sanz);3:32;Fijación Oral, Vol. 1;2005;Pop Latino
Shakira;Obtener Un Sí;3:19;Fijación Oral, Vol. 1;2005;Pop Latino
Shakira;Día Especial (feat. Gustavo Cerati);4:22;Fijación Oral, Vol. 1;2005;Pop Latino
Shakira;Escondite Inglés;3:06;Fijación Oral, Vol. 1;2005;Pop Latino
Shakira;No (feat. Gustavo Cerati);4:45;Fijación Oral, Vol. 1;2005;Pop Latino
Shakira;Las de la Intuición;3:40;Fijación Oral, Vol. 1;2005;Pop Latino
Shakira;Día de Enero;2:53;Fijación Oral, Vol. 1;2005;Pop Latino
Shakira;Lo Imprescindible;3:54;Fijación Oral, Vol. 1;2005;Pop Latino
Shakira;La Pared (Versión Acústica);2:39;Fijación Oral, Vol. 1;2005;Pop Latino
Shakira;La Tortura (feat. Alejandro Sanz) [Shaketon Remix];3:12;Fijación Oral, Vol. 1;2005;Pop Latino
Shakira;How Do You Do;3:45;Oral Fixation, Vol. 2 (Reissue);2005;Pop
Shakira;Illegal (feat. Carlos Santana);3:53;Oral Fixation, Vol. 2 (Reissue);2005;Pop
Shakira;Hips Don't Lie (feat. Wyclef Jean);3:38;Oral Fixation, Vol. 2 (Reissue);2005;Pop
Shakira;Animal City;3:15;Oral Fixation, Vol. 2 (Reissue);2005;Pop
Shakira;Don't Bother;4:17;Oral Fixation, Vol. 2 (Reissue);2005;Pop
Shakira;The Day and the Time (feat. Gustavo Cerati);4:22;Oral Fixation, Vol. 2 (Reissue);2005;Pop
Shakira;Dreams for Plans;4:02;Oral Fixation, Vol. 2 (Reissue);2005;Pop
Shakira;Hey You;4:09;Oral Fixation, Vol. 2 (Reissue);2005;Pop
Shakira;Your Embrace;3:32;Oral Fixation, Vol. 2 (Reissue);2005;Pop
Shakira;Costume Makes the Clown;3:12;Oral Fixation, Vol. 2 (Reissue);2005;Pop
Shakira;Something;4:21;Oral Fixation, Vol. 2 (Reissue);2005;Pop
Shakira;Timor;3:32;Oral Fixation, Vol. 2 (Reissue);2005;Pop
Shakira;La Tortura (Alternate Version);3:33;Oral Fixation, Vol. 2 (Reissue);2005;Pop
Shakira;Don't Bother (Jrsnchz Radio Mix);04:24;Oral Fixation, Vol. 2;;Pop
Shakira;She Wolf;3:08;She Wolf (Deluxe Version);2008;Pop
Shakira;Did It Again;3:12;She Wolf (Deluxe Version);2008;Pop
Shakira;Long Time;2:56;She Wolf (Deluxe Version);2008;Pop
Shakira;Why Wait;3:41;She Wolf (Deluxe Version);2008;Pop
Shakira;Good Stuff;3:17;She Wolf (Deluxe Version);2008;Pop
Shakira;Men in This Town;3:34;She Wolf (Deluxe Version);2008;Pop
Shakira;Gypsy;3:18;She Wolf (Deluxe Version);2008;Pop
Shakira;Spy (feat. Wyclef Jean);3:27;She Wolf (Deluxe Version);2008;Pop
Shakira;Mon amour;4:05;She Wolf (Deluxe Version);2008;Pop
Shakira;Loba;3:09;She Wolf (Deluxe Version);2008;Pop
Shakira;Lo Hecho Está Hecho;3:12;She Wolf (Deluxe Version);2008;Pop
Shakira;Años Luz;3:41;She Wolf (Deluxe Version);2008;Pop
Shakira;Give It up to Me (feat. Lil Wayne);3:03;She Wolf (Deluxe Version);2008;Pop
Shakira;Did It Again (feat. Kid Cudi);3:47;She Wolf (Deluxe Version);2008;Pop
Shakira;Gypsy (Live);3:28;She Wolf (Deluxe Version);2008;Pop
Shakira;She Wolf (Live);3:09;She Wolf (Deluxe Version);2008;Pop
Shakira;She Wolf;3:08;She Wolf (Deluxe Version);2009;Pop
Shakira;Did It Again;3:12;She Wolf (Deluxe Version);2009;Pop
Shakira;Long Time;2:56;She Wolf (Deluxe Version);2009;Pop
Shakira;Why Wait;3:41;She Wolf (Deluxe Version);2009;Pop
Shakira;Good Stuff;3:17;She Wolf (Deluxe Version);2009;Pop
Shakira;Men In This Town;3:34;She Wolf (Deluxe Version);2009;Pop
Shakira;Gypsy;3:18;She Wolf (Deluxe Version);2009;Pop
Shakira;Spy (feat. Wyclef Jean);3:27;She Wolf (Deluxe Version);2009;Pop
Shakira;Mon Amour;4:05;She Wolf (Deluxe Version);2009;Pop
Shakira;Loba;3:09;She Wolf (Deluxe Version);2009;Pop
Shakira;Lo Hecho Está Hecho;3:12;She Wolf (Deluxe Version);2009;Pop
Shakira;Años Luz;3:41;She Wolf (Deluxe Version);2009;Pop
Shakira;Give It Up to Me (feat. Lil Wayne);3:03;She Wolf (Deluxe Version);2009;Pop
Shakira;Did It Again (feat. Kid Cudi);3:47;She Wolf (Deluxe Version);2009;Pop
Shakira;Gypsy (Live);3:28;She Wolf (Deluxe Version);2009;Pop
Shakira;She Wolf (Live);3:09;She Wolf (Deluxe Version);2009;Pop
Shakira;She Wolf;3:48;She Wolf (Deluxe Version);2009;Pop
Shakira;The Making of She Wolf (New Video Version);16:33;She Wolf (Deluxe Version);2009;Pop
Shakira;Gypsy (Live);3:28;She Wolf (Deluxe Version);2009;Pop
Shakira;Why Wait (Live);3:24;She Wolf (Deluxe Version);2009;Pop
Shakira;She Wolf;3:08;She Wolf;2009;Pop
Shakira;Did It Again (feat. Kid Cudi);3:47;She Wolf;2009;Pop
Shakira;Long Time;2:56;She Wolf;2009;Pop
Shakira;Why Wait;3:41;She Wolf;2009;Pop
Shakira;Good Stuff;3:17;She Wolf;2009;Pop
Shakira;Men In This Town;3:34;She Wolf;2009;Pop
Shakira;Gypsy;3:18;She Wolf;2009;Pop
Shakira;Spy (feat. Wyclef Jean);3:27;She Wolf;2009;Pop
Shakira;Mon amour;4:05;She Wolf;2009;Pop
Shakira;Loba;3:09;She Wolf;2009;Pop
Shakira;Lo Hecho Está Hecho;3:12;She Wolf;2009;Pop
Shakira;Años Luz;3:41;She Wolf;2009;Pop
Shakira;Give It Up to Me (feat. Lil Wayne);3:03;She Wolf;2009;Pop
Shakira;Sale el Sol;3:20;Sale el Sol (Bonus Track Edition);2010;Pop Latino
Shakira;Loca (feat. El Cata);3:03;Sale el Sol (Bonus Track Edition);2010;Pop Latino
Shakira;Antes de las Seis;2:54;Sale el Sol (Bonus Track Edition);2010;Pop Latino
Shakira;Gordita (feat. Residente Calle 13);3:24;Sale el Sol (Bonus Track Edition);2010;Pop Latino
Shakira;Addicted to You;2:27;Sale el Sol (Bonus Track Edition);2010;Pop Latino
Shakira;Lo Que Más;2:26;Sale el Sol (Bonus Track Edition);2010;Pop Latino
Shakira;Mariposas;3:47;Sale el Sol (Bonus Track Edition);2010;Pop Latino
Shakira;Rabiosa (feat. El Cata);2:50;Sale el Sol (Bonus Track Edition);2010;Pop Latino
Shakira;Devoción;3:29;Sale el Sol (Bonus Track Edition);2010;Pop Latino
Shakira;Islands;2:42;Sale el Sol (Bonus Track Edition);2010;Pop Latino
Shakira;Tu Boca;3:25;Sale el Sol (Bonus Track Edition);2010;Pop Latino
Shakira;Waka Waka (Esto Es Africa) [K-Mix];3:04;Sale el Sol (Bonus Track Edition);2010;Pop Latino
Shakira;Loca (feat. Dizzee Rascal);3:13;Sale el Sol (Bonus Track Edition);2010;Pop Latino
Shakira;Rabiosa (feat. Pitbull);2:50;Sale el Sol (Bonus Track Edition);2010;Pop Latino
Shakira;Waka Waka (This Time for Africa) [K-Mix];3:03;Sale el Sol (Bonus Track Edition);2010;Pop Latino
Shakira;Loca (feat. Dizzee Rascal) [Freemasons Radio Edit];3:01;Sale el Sol (Bonus Track Edition);2010;Pop Latino
Shakira;Dare (La La La);3:06;Shakira.;2014;Pop
Shakira;Can't Remember to Forget You (feat. Rihanna);3:27;Shakira.;2014;Pop
Shakira;Empire;3:59;Shakira.;2014;Pop
Shakira;You Don't Care About Me;3:41;Shakira.;2014;Pop
Shakira;Cut Me Deep (feat. MAGIC!);3:15;Shakira.;2014;Pop
Shakira;Spotlight;3:23;Shakira.;2014;Pop
Shakira;Broken Record;3:14;Shakira.;2014;Pop
Shakira;Medicine (feat. Blake Shelton);3:18;Shakira.;2014;Pop
Shakira;23;3:59;Shakira.;2014;Pop
Shakira;The One Thing;3:12;Shakira.;2014;Pop
Shakira;Nunca Me Acuerdo de Olvidarte;3:26;Shakira.;2014;Pop
Shakira;Loca por Ti;3:41;Shakira.;2014;Pop
Shakira;Dare (La La La);3:06;Shakira. (Deluxe Version);2014;Pop
Shakira;Can't Remember to Forget You (feat. Rihanna);3:26;Shakira. (Deluxe Version);2014;Pop
Shakira;Empire;3:59;Shakira. (Deluxe Version);2014;Pop
Shakira;You Don't Care About Me;3:41;Shakira. (Deluxe Version);2014;Pop
Shakira;Cut Me Deep (feat. MAGIC!);3:15;Shakira. (Deluxe Version);2014;Pop
Shakira;Spotlight;3:23;Shakira. (Deluxe Version);2014;Pop
Shakira;Broken Record;3:14;Shakira. (Deluxe Version);2014;Pop
Shakira;Medicine (feat. Blake Shelton);3:18;Shakira. (Deluxe Version);2014;Pop
Shakira;23;3:59;Shakira. (Deluxe Version);2014;Pop
Shakira;The One Thing;3:12;Shakira. (Deluxe Version);2014;Pop
Shakira;Nunca Me Acuerdo de Olvidarte;3:26;Shakira. (Deluxe Version);2014;Pop
Shakira;Loca por Ti;3:41;Shakira. (Deluxe Version);2014;Pop
Shakira;La La La;3:06;Shakira. (Deluxe Version);2014;Pop
Shakira;Chasing Shadows;3:31;Shakira. (Deluxe Version);2014;Pop
Shakira;That Way;3:08;Shakira. (Deluxe Version);2014;Pop
Shakira;Me Enamoré;3:46;El Dorado;2017;Pop Latino
Shakira;Nada;3:10;El Dorado;2017;Pop Latino
Shakira;Chantaje (feat. Maluma);3:15;El Dorado;2017;Pop Latino
Shakira;When a Woman;3:18;El Dorado;2017;Pop Latino
Shakira;Amarillo;3:40;El Dorado;2017;Pop Latino
Shakira;Perro Fiel (feat. Nicky Jam);3:16;El Dorado;2017;Pop Latino
Shakira;Trap (feat. Maluma);3:20;El Dorado;2017;Pop Latino
Shakira;Comme moi;3:09;El Dorado;2017;Pop Latino
Shakira;Coconut Tree;3:50;El Dorado;2017;Pop Latino
Shakira;La Bicicleta;3:48;El Dorado;2017;Pop Latino
Shakira;Deja vu;3:16;El Dorado;2017;Pop Latino
Shakira;What We Said (Comme moi) [feat. MAGIC!] [English Version];3:00;El Dorado;2017;Pop Latino
Shakira;Toneladas;3:09;El Dorado;2017;Pop Latino
